# Panel, Test Name, Owner, Notes URL

3NReconnect, MixedOps-Interrupted-2NReconnect-6k-41m, services, https://www.notion.so/swirldslabs/3NReconnect-MixedOps-Interrupted-2NReconnect-6k-41m-d51de29ec7234747835a045792c37989?pvs=4
3NReconnect, MixedOps-NI-3NReconnect-6k-30m, services, https://www.notion.so/swirldslabs/3NReconnect-MixedOps-Interrupted-2NReconnect-6k-41m-d51de29ec7234747835a045792c37989?pvs=4

Abbrev, Consistency-Hard-Restart-10m, platform, https://www.notion.so/swirldslabs/Abbrev-Consistency-Hard-Restart-10m-ba9b0aa74a074bc7b6da0ebe9ec13e80
Abbrev, Consistency-NDReconnect-10m, platform, https://www.notion.so/swirldslabs/Abbrev-Consistency-NDReconnect-10m-8b83db4b23064472a5450d0cb8640e33
Abbrev, FCM-Migration-5-2m, platform, https://www.notion.so/swirldslabs/Abbrev-FCM-Migration-5-2m-8b0484685db144b788bec3d3a7ab9634
Abbrev, VMerkle-Basic-1k-4m, platform, https://www.notion.so/swirldslabs/Abbrev-VMerkle-Basic-1k-4m-7d0b6140891a44f08efd2ca4bc6ed15f

AddressBook, AddressBook-genesis-force-use-config-addressbook-1k-1m, platform, https://www.notion.so/swirldslabs/AddressBook-AddressBook-genesis-force-use-config-addressbook-1k-1m-d1e6e2b85e6e40668e74600d4831ea73
AddressBook, AddressBook-genesis-normal-1k-1m, platform, https://www.notion.so/swirldslabs/AddressBook-AddressBook-genesis-normal-1k-1m-84779ed3b0b3408ab96fb49f0d56693b
AddressBook, AddressBook-restart-force-use-config-addressbook-1k-4m, platform, https://www.notion.so/swirldslabs/AddressBook-AddressBook-restart-force-use-config-addressbook-1k-4m-585510c5af8e4036ae16ed699d1681f2
AddressBook, AddressBook-restart-saved-state-same-version-1k-4m, platform, https://www.notion.so/swirldslabs/AddressBook-AddressBook-restart-saved-state-same-version-1k-4m-ab47a4cf50a6485cba2403a3d6f369d0
AddressBook, AddressBook-restart-upgrade-weight-behavior2-1k-4m, platform, https://www.notion.so/swirldslabs/AddressBook-AddressBook-restart-upgrade-weight-behavior2-1k-4m-bff8d1a2ccd249aab4077f3d104e7f7b
AddressBook, AddressBook-restart-upgrade-force-use-config-addressbook-1k-4m, platform, https://www.notion.so/swirldslabs/AddressBook-AddressBook-upgrade-force-use-config-addressbook-1k-4m-700ef19dbca44efd8d16394fff60556d
AddressBook, AddressBook-restart-upgrade-add-node-1k-4m, platform, https://www.notion.so/swirldslabs/AddressBook-Add-Remove-AddressBook-restart-upgrade-add-node-1k-4m-aa0c0148fd514bc7bb4f78a9e8fafefe
AddressBook, AddressBook-restart-upgrade-remove-node-1k-4m, platform, https://www.notion.so/swirldslabs/AddressBook-Add-Remove-AddressBook-restart-upgrade-remove-node-1k-4m-e2dce8f8bcfc4b52b01b50a5af49fc5e

Assorted, FCMFCQ-Assorted-500-3m, platform, https://www.notion.so/swirldslabs/Assorted-FCMFCQ-Assorted-500-3m-04e1a9d1a735425fa6ce7ce813b83749

BalanceValid, HTS-Basic-AccountBalances-Client-100-15m, services, https://www.notion.so/swirldslabs/BalanceValid-HTS-Basic-AccountBalances-Client-100-15m-a091fbfa10ae4adfa8ce1f9c1c507d69
BalanceValid, HTS-Restart-AccountBalances-2k-20m, services, https://www.notion.so/swirldslabs/BalanceValid-HTS-Restart-AccountBalances-2k-20m-88537cdefd0e4027adc4de757491bb24

Basic, Crypto-Basic-50k-20m, platform, https://www.notion.so/swirldslabs/Basic-Crypto-Basic-50k-20m-561c84b78b3142d19081f75ddb0a2f79
Basic, Crypto-LargeTx-50k-20m, platform, https://www.notion.so/swirldslabs/Basic-Crypto-LargeTx-50k-20m-ec9f7e26c7cb4dc3b3c23f7e129f0994

CentOS7_Update, Crypto-Update-Jar-1.5k-25m, services, https://www.notion.so/swirldslabs/CentOS7_Update-Crypto-Update-Jar-1-5k-25m-979f86b5e10c4992ac98da1692000384
CentOS7_Update, Crypto-Update-Setting-1.5k-15m, services, https://www.notion.so/swirldslabs/CentOS7_Update-Crypto-Update-Setting-1-5k-15m-caf2ab2df6dc48f0ba4a15423e84b802
CentOS7_Update, Crypto-Update-Setting-Config-1.5k-25m, services, https://www.notion.so/swirldslabs/CentOS7_Update-Crypto-Update-Setting-Config-1-5k-25m-e9554baba84047a4a961a79074623643

CryptoInvalidAccounts, Crypto-Perf-Invalid-Accounts-5k-30m, services, https://www.notion.so/swirldslabs/CryptoInvalidAccounts-Crypto-Perf-Invalid-Accounts-5k-30m-415eec9e73944ac9a37e6621af1d9657

DynamicFreeze, FCM-DynamicFreeze-2.5k-40m, platform, https://www.notion.so/swirldslabs/DynamicFreeze-FCM-DynamicFreeze-2-5k-40m-c600f224f4164170822795f2deac07c9
DynamicFreeze, FCMFCQ-DynamicFreeze-1k-35m, platform, https://www.notion.so/swirldslabs/DynamicFreeze-FCMFCQ-DynamicFreeze-1k-35m-c28b9437015e4c37b471b43d41770080

FCM, FCM-Query-2k-110m, platform, https://www.notion.so/swirldslabs/FCM-FCM-Query-2-5k-110m-6003e1b021c84c5282a63ed059caca2f

FCMFCQ, FCMFCQ-Basic-3k-120m, platform, https://www.notion.so/swirldslabs/FCMFCQ-FCMFCQ-Basic-3k-120m-00720f04bd78427c8d23dd06a965f5b4
FCMFCQ, FCMFCQ-Basic-ECDSA-1.5k-50m, platform, https://www.notion.so/swirldslabs/FCMFCQ-FCMFCQ-Basic-ECDSA-1-5k-50m-ee4a3ed27bce434097a72bed54822238

Genesis, FCM-GenesisReconnect-2.5k-15m, platform, https://www.notion.so/swirldslabs/Genesis-FCM-GenesisReconnect-2-5k-15m-e86f1ea3c72e46eb9b6222561461ee94

Global3NReconnect, MixedOps-Global-ND-3NReconnect-6k-35m, services, https://www.notion.so/swirldslabs/Global3NReconnect-MixedOps-Global-ND-3NReconnect-6k-35m-df3bf48166cd4d7e8b15aac06e6003ae
Global3NReconnect, MixedOps-Global-NI-3NReconnect-6k-35m, services, https://www.notion.so/swirldslabs/Global3NReconnect-MixedOps-Global-NI-3NReconnect-6k-35m-2f2de40abe3c40cdbd8655a7838a6cd2

ISS, ISS-catastrophic-1k-5m, platform, https://www.notion.so/swirldslabs/ISS-ISS-catastrophic-1k-5m-a893e94b654b4bfea5a36cc7764c8517
ISS, ISS-catastrophic-recovery-1k-10m, platform, https://www.notion.so/swirldslabs/ISS-ISS-catastrophic-recovery-1k-10m-d7bc7bb3a3d24d5680eee522941e8568
ISS, ISS-catastrophic-recovery-reconnect-1k-10m, platform, https://www.notion.so/swirldslabs/ISS-ISS-catastrophic-recovery-reconnect-1k-10m-92abb262856048678693b24ea2b2eb2b
ISS, ISS-catastrophic-recovery-rollback-1k-10m, platform, https://www.notion.so/swirldslabs/ISS-ISS-catastrophic-recovery-rollback-1k-10m-f8e8bb2936e1479b87e6ab0490176dd9
ISS, ISS-emergency-recovery-1k-10m, platform, https://www.notion.so/swirldslabs/ISS-ISS-emergency-recovery-1k-10m-c025b8539ce64ccc8db3ef48e52dcdff
ISS, ISS-emergency-recovery-diff-hash-1k-10m, platform, https://www.notion.so/swirldslabs/ISS-ISS-emergency-recovery-diff-hash-1k-10m-cd6e7466ac504084aab409ea63591b6e
ISS, ISS-emergency-recovery-reconnect-1k-10m, platform, https://www.notion.so/swirldslabs/ISS-ISS-emergency-recovery-reconnect-1k-10m-75cb5dd79efa4234bd6d783704511900
ISS, ISS-recoverable-1k-5m, platform, https://www.notion.so/swirldslabs/ISS-ISS-recoverable-1k-5m-f442196451c54068b3320c4728f8ddcd

Migration, Crypto-Restart-Testnet-200-18m, services, https://www.notion.so/swirldslabs/Migration-Crypto-Restart-Testnet-200-18m-7ea1a0336f174dabb99f68d7831ab42c
Migration, FCM-Migration-NewNodesFromGenesis-2.5k-8m, platform, https://www.notion.so/swirldslabs/Migration-FCM-Migration-NewNodesFromGenesis-2-5k-8m-a1aa980d64b54c8ea32f37527e8aa872
Migration, FCM-Migration-NewNodesFromSavedState-2.5k-10m, platform, https://www.notion.so/swirldslabs/Migration-FCM-Migration-NewNodesFromSavedState-2-5k-10m-e1a18d4b2bd84086a8926d7367485918

MinStake, Crypto-NIReconnect-Stake-1k-10m, services, https://www.notion.so/swirldslabs/MinStake-Crypto-NIReconnect-Stake-1k-10m-c3507f7192c8482c890fe13c15803b01
MinStake, Crypto-Restart-Stake-1k-10m, services, https://www.notion.so/swirldslabs/MinStake-Crypto-Restart-Stake-1k-10m-83b985d7fc224dea93ed27aab08f55ca
MinStake, Crypto-Restart-Stake-2.5k-10m, services, https://www.notion.so/swirldslabs/MinStake-Crypto-Restart-Stake-2-5k-10m-126ac73de3a64e3080f81af00574066e
MinStake, FCM-NIReconnect-Stake-125-10m, platform, https://www.notion.so/swirldslabs/MinStake-FCM-NIReconnect-Stake-125-10m-8ce332c203c54646b6dc80e96c55fcc6
MinStake, FCM-Restart-Stake-2.5k-10m, platform, https://www.notion.so/swirldslabs/MinStake-FCM-Restart-Stake-2-5k-10m-f27947d595a64741b48a6fbd3e687630
MinStake, FCM-SBReconnect-Stake-2.5k-8m, platform, https://www.notion.so/swirldslabs/MinStake-FCM-SBReconnect-Stake-2-5k-8m-54d53efdd62243baa5bebe41ec5d8e7c
MinStake, NFT-Restart-Stake-2.5k-10m, platform, https://www.notion.so/swirldslabs/MinStake-NFT-Restart-Stake-2-5k-10m-3d99e7785e114d73b7af09ab04916acb

Misc, FCM-Hotspot-5k-25m-3Maccts, platform, https://www.notion.so/swirldslabs/Misc-FCM-Hotspot-5k-25m-3Maccts-1937a68a86fb4208aad9809a0f222b39
Misc, FCM-Migration-5-2m, platform, https://www.notion.so/swirldslabs/Misc-FCM-Migration-5-2m-ef957a9ca265435791d4c6d2708d12b5
Misc, FCM-Throttle-2.5k-15m, platform, https://www.notion.so/swirldslabs/Misc-FCM-Throttle-2-5k-15m-62ad129ec240475d8919d5b52fde7a35
Misc, FCMFCQ-HotspotExpirationStress-2.5k-13m, platform, https://www.notion.so/swirldslabs/Misc-FCMFCQ-HotspotExpirationStress-2-5k-13m-2bbbd9c8cb184015bfdf010c0413b44c

MultiSBReconnect, FCM-MultiSBReconnect-3R-1k-20m, platform, https://www.notion.so/swirldslabs/MultiSBReconnect-FCM-MultiSBReconnect-3R-1k-20m-f65da4179e2c430393d3f59899b47d2e

NDReconnectCorrectness, AllProtectedFilesUpdate-NDReconnect-1-16m, services, https://www.notion.so/swirldslabs/NDReconnectCorrectness-AllProtectedFilesUpdate-NDReconnect-1-16m-ba54bf45373f4a8fa4f72f624459556a
NDReconnectCorrectness, CongestionPricing-NDReconnect-1-16m, services, https://www.notion.so/swirldslabs/NDReconnectCorrectness-CongestionPricing-NDReconnect-1-16m-7581cef87f534dfd8e285a89f182c3aa
NDReconnectCorrectness, ScheduleExpiry-NDReconnect-1-16m, services, https://www.notion.so/swirldslabs/NDReconnectCorrectness-ScheduleExpiry-NDReconnect-1-16m-6151698f394b4e048c02714f32370344
NDReconnectCorrectness, TokenValidate-NDReconnect-1-16m, services, https://www.notion.so/swirldslabs/NDReconnectCorrectness-TokenValidate-NDReconnect-1-16m-2719bd6e404c42eba25869f12ccda932
NDReconnectCorrectness, TransactionHistory-NDReconnect-1-16m, services, https://www.notion.so/swirldslabs/NDReconnectCorrectness-TransactionHistory-NDReconnect-1-16m-0cbdb12bd85a43619529da5f3ea56a56

NIReconnectCorrectness, AllProtectedFilesUpdate-NIReconnect-1-16m, services, https://www.notion.so/swirldslabs/NIReconnectCorrectness-AllProtectedFilesUpdate-NIReconnect-1-16m-70778ce1c0fc4380a25eda0cd6c59940
NIReconnectCorrectness, AutoRenewEntity-NIReconnect-1-20m, services, https://www.notion.so/swirldslabs/NIReconnectCorrectness-AutoRenewEntity-NIReconnect-1-20m-ccbf00895d6a4a72b3656ce9ef2e6336
NIReconnectCorrectness, CongestionPricing-NIReconnect-1-16m, services, https://www.notion.so/swirldslabs/NIReconnectCorrectness-CongestionPricing-NIReconnect-1-16m-996d673f5c5941dcb6549288d344bc51
NIReconnectCorrectness, ScheduleExpiry-NIReconnect-1-16m, services, https://www.notion.so/swirldslabs/NIReconnectCorrectness-ScheduleExpiry-NIReconnect-1-16m-f7c068baae7047b18df92e9fccb2ff54
NIReconnectCorrectness, TokenDeleteValidate-NIReconnect-1-16m, services, https://www.notion.so/swirldslabs/NIReconnectCorrectness-TokenDeleteValidate-NIReconnect-1-16m-aa3dfdddf6ca4972a76d902e1797ebc2
NIReconnectCorrectness, TokenValidate-NIReconnect-1-16m, services, https://www.notion.so/swirldslabs/NIReconnectCorrectness-TokenValidate-NIReconnect-1-16m-4b2eab8db4374285a21d0411eafda52f
NIReconnectCorrectness, TransactionHistory-NIReconnect-1-16m, services, https://www.notion.so/swirldslabs/NIReconnectCorrectness-TransactionHistory-NIReconnect-1-16m-cb66da1f8fa5457d9c604f0e4ce5f9da

NetError, FCMFCQ-NetError-1k-25m, platform, https://www.notion.so/swirldslabs/NetError-FCMFCQ-NetError-1k-25m-29a9d01acb4e4660897db647bef2a886
NetError, Misc-Basic-14-20m, services, https://www.notion.so/swirldslabs/NetError-Misc-Basic-14-20m-96752536f01343ba815d415b48c63b2c

Performance, Contract-Restart-Performance-Random-35-30m, services, https://www.notion.so/swirldslabs/Performance-Contract-Restart-Performance-Random-35-30m-62d20ba7030a485f83dbb6b7b053d3e7
Performance, Crypto-Restart-Performance-Hotspot-10k-61m, services, https://www.notion.so/swirldslabs/Performance-Crypto-Restart-Performance-Hotspot-10k-61m-dd8fc090b1c647efba7b85b65912cf22
Performance, Crypto-Restart-Performance-Random-10k-65m, services, https://www.notion.so/swirldslabs/Performance-Crypto-Restart-Performance-Random-10k-65m-93b7a2af5dcf46919bac17047bb885cb
Performance, File-Restart-Performance-Size1K_4K-42-30m, services, https://www.notion.so/swirldslabs/Performance-File-Restart-Performance-Size1K_4K-42-30m-96a4a593cee049f89fcea19428db0f4e
Performance, HCS-Restart-Performance-Hotspot-10k-61m, services, https://www.notion.so/swirldslabs/Performance-HCS-Restart-Performance-Hotspot-10k-61m-ebed9abf62bf4f009cce8687e67b5d27
Performance, HCS-Restart-Performance-Random-10k-60m, services, https://www.notion.so/swirldslabs/Performance-HCS-Restart-Performance-Random-10k-60m-c49758d5530e45aebe1ba42a607070d6

QueryPerf, Query-Restart-Performance-7N-7C-10k-30m, services, https://www.notion.so/swirldslabs/QueryPerf-Query-Restart-Performance-7N-7C-10k-30m-90abe5f0ce754f4780d6cdd7cec9389d

RHEL7_Update, Crypto-Update-Jar-1.5k-25m, services, https://www.notion.so/swirldslabs/RHEL7_Update-Crypto-Update-Jar-1-5k-25m-11e8ce6b514047dba923612ba34f166b
RHEL7_Update, Crypto-Update-Setting-1.5k-15m, services, https://www.notion.so/swirldslabs/RHEL7_Update-Crypto-Update-Setting-1-5k-15m-1b0ea7c6bc9449d5bf8d9735b8f8a601?pvs=9
RHEL7_Update, Crypto-Update-Setting-Config-1.5k-25m, services, https://www.notion.so/swirldslabs/RHEL7_Update-Crypto-Update-Setting-Config-1-5k-25m-d29ef57d0dfa4b5d8fcc6cdd2a56b520

RHEL8_Update, Crypto-Update-Jar-1.5k-25m, services, https://www.notion.so/swirldslabs/RHEL8_Update-Crypto-Update-Jar-1-5k-25m-9dfe1285aac044f387521856f831cfdf
RHEL8_Update, Crypto-Update-Setting-1.5k-15m, services, https://www.notion.so/swirldslabs/RHEL8_Update-Crypto-Update-Setting-1-5k-15m-e473298ef3f946d18f184fe804abc551
RHEL8_Update, Crypto-Update-Setting-Config-1.5k-25m, services, https://www.notion.so/swirldslabs/RHEL8_Update-Crypto-Update-Setting-Config-1-5k-25m-3a713041ae024e67b75e76815ad237cf

Reconnect, FCM-FallenBehind-1k-20m, platform, https://www.notion.so/swirldslabs/Reconnect-FCM-FallenBehind-1k-20m-bdbca8de39e24860aa25aaf3d71c7f01
Reconnect, FileOps-NIReconnect-12-21m, services, https://www.notion.so/swirldslabs/Reconnect-FileOps-NIReconnect-12-21m-ebb982b4fb404186ac98c921e53a17b5
Reconnect, MixedOps-GenesisReconnect-500-15m, services, https://www.notion.so/swirldslabs/Reconnect-MixedOps-GenesisReconnect-500-15m-d9bfb9a925cb466db9b622ace80fa289
Reconnect, MixedOps-GenesisReconnect-6k-15m, services, https://www.notion.so/swirldslabs/Reconnect-MixedOps-GenesisReconnect-6k-15m-4043841860f94b629e7238e4131bc465
Reconnect, MixedOps-NDReconnect-1.5k-25m, services, https://www.notion.so/swirldslabs/Reconnect-MixedOps-NDReconnect-1-5k-25m-df8817b8d3c2437fa61a2cc0ff5b2bfb
Reconnect, MixedOps-NI-MultiReconnect-10k-32m, services, https://www.notion.so/swirldslabs/Reconnect-MixedOps-NI-MultiReconnect-10k-32m-bd9f0ef494894310b4bae6f66ad86faa
Reconnect, MixedOps-NIReconnect-1.5k-25m, services, https://www.notion.so/swirldslabs/Reconnect-MixedOps-NIReconnect-1-5k-25m-e7f791b62e52431b9a73539f6a5145b0
Reconnect, MixedOps-NIReconnect-2k-28m, services, https://www.notion.so/swirldslabs/Reconnect-MixedOps-NIReconnect-2k-28m-a49b6253fd56491c945b962c3306aa1d
Reconnect, MixedOps-NIReconnect-6k-28m, services, https://www.notion.so/swirldslabs/Reconnect-MixedOps-NIReconnect-6k-28m-5f652bb45a854f949ee40ddf1a2f9c58
Reconnect, MixedOps-NIReconnectFail-1.5k-10m, services, https://www.notion.so/swirldslabs/Reconnect-MixedOps-NIReconnectFail-1-5k-10m-482531712c6a4a14b4b744705ba708c5
Reconnect, SmartContractOps-NIReconnect-14-21m, services, https://www.notion.so/swirldslabs/Reconnect-SmartContractOps-NIReconnect-14-21m-0a33c4c3f497450d89c2c62f5d0afd1e
Reconnect, VMerkleDual-NDReconnect-500-60m, platform, https://www.notion.so/swirldslabs/Reconnect-VMerkleDual-NDReconnect-500-60m-bed1119b943141cc986c07ff10145468

Restart, Crypto-Restart-1.5k-22m, services, https://www.notion.so/swirldslabs/Restart-Crypto-Restart-1-5k-22m-46a736a6a4e14526bbccb91d29d9d631
Restart, Crypto-Restart-50k-20m, platform, https://www.notion.so/swirldslabs/Restart-Crypto-Restart-50k-20m-00641595faa8494e913c28b874700dc3
Restart, Crypto-Restart-Freeze-Bug-1k-9m, services, https://www.notion.so/swirldslabs/Restart-Crypto-Restart-Freeze-Bug-1k-9m-232f30e8ed9c41dab715f1110b82c8ae?pvs=9
Restart, Crypto-Restart-RecordStreamV6-1.5k-10m, services, https://www.notion.so/swirldslabs/Restart-Crypto-Restart-RecordStreamV6-1-5k-10m-fd583108efa4405ba63ccf6a8def4fbf
Restart, FCM-Restart-2.5k-15m, platform, https://www.notion.so/swirldslabs/Restart-FCM-Restart-2-5k-15m-a14ebe33d49a446abd994e49370718b4
Restart, FCMFCQ-RestartEventStream-1k-10m, platform, https://www.notion.so/swirldslabs/Restart-FCMFCQ-RestartEventStream-1k-10m-30524d93738f4be4bb9a467c8198146d
Restart, NFT-Restart-2.5k-20m, platform, https://www.notion.so/swirldslabs/Restart-NFT-Restart-2-5k-20m-738a79af30af49019f998ea102eae8a7
Restart, FCM-Restart-Mainnet-Freeze-Bug-2.5k-7m, platform, https://www.notion.so/swirldslabs/Restart-FCM-Restart-Mainnet-Freeze-Bug-2-5k-7m-0ab90b060762486094cf41c949c56dd4
Restart, ScheduleFocus-Restart-1.5-22m, services, https://www.notion.so/swirldslabs/Restart-ScheduleFocus-Restart-1-5-22m-1c1c890bab1843f2b26e16463a7572cd

SimilarStake, Crypto-NIReconnect-Stake-1k-10m, services, https://www.notion.so/swirldslabs/SimilarStake-Crypto-NIReconnect-Stake-1k-10m-0bd8caf3dc9b4e09828248bd9002981b
SimilarStake, Crypto-Restart-Stake-1k-10m, services, https://www.notion.so/swirldslabs/SimilarStake-Crypto-Restart-Stake-1k-10m-20d563d096cc4335b501483376274371
SimilarStake, Crypto-Restart-Stake-2.5k-10m, services, https://www.notion.so/swirldslabs/SimilarStake-Crypto-Restart-Stake-2-5k-10m-05bfa808a09842ce94a1024c3a5f8d15
SimilarStake, FCM-NIReconnect-Stake-125-10m, platform, https://www.notion.so/swirldslabs/SimilarStake-FCM-NIReconnect-Stake-125-10m-bcb5b7206f214ad78f363878aaec9129
SimilarStake, FCM-Restart-Stake-2.5k-10m, platform, https://www.notion.so/swirldslabs/SimilarStake-FCM-Restart-Stake-2-5k-10m-df4c6e51217f48a59a6a76bdc0153325
SimilarStake, FCM-SBReconnect-Stake-2.5k-8m, platform, https://www.notion.so/swirldslabs/SimilarStake-FCM-SBReconnect-Stake-2-5k-8m-2f72c1dea04640868ef315c9464a7304
SimilarStake, NFT-Restart-Stake-2.5k-10m, platform, https://www.notion.so/swirldslabs/SimilarStake-NFT-Restart-Stake-2-5k-10m-ba74a2ef2b7b4a3e88ed51077182c508

Ubuntu1804_Update, Crypto-Update-Jar-1.5k-25m, services, https://www.notion.so/swirldslabs/Ubuntu1804_Update-Crypto-Update-Jar-1-5k-25m-b717f28a7f474827806a6733487795fe
Ubuntu1804_Update, Crypto-Update-Setting-1.5k-15m, services, https://www.notion.so/swirldslabs/Ubuntu1804_Update-Crypto-Update-Setting-1-5k-15m-f9e4cf7f22dd407ba7324be9e6fe3710
Ubuntu1804_Update, Crypto-Update-Setting-Config-1.5k-25m, services, https://www.notion.so/swirldslabs/Ubuntu1804_Update-Crypto-Update-Setting-Config-1-5k-25m-c57ab146de9242a495a3662472891433

UnevenStake, Crypto-NIReconnect-Stake-1k-10m, services, https://www.notion.so/swirldslabs/UnevenStake-Crypto-NIReconnect-Stake-1k-10m-9c68e5923c7549dc8fc491880dc20456
UnevenStake, Crypto-Restart-Stake-1k-10m, services, https://www.notion.so/swirldslabs/UnevenStake-Crypto-Restart-Stake-1k-10m-6b39ab0dfd764dd0b0717d34c8238726
UnevenStake, Crypto-Restart-Stake-2.5k-10m, services, https://www.notion.so/swirldslabs/UnevenStake-Crypto-Restart-Stake-2-5k-10m-6365c7e0989b4c33b0eb7745afa663aa
UnevenStake, FCM-NIReconnect-Stake-125-10m, platform, https://www.notion.so/swirldslabs/UnevenStake-FCM-NIReconnect-Stake-125-10m-6cf8fd9897a544a4b895feb72d050923
UnevenStake, FCM-Restart-Stake-2.5k-10m, platform, https://www.notion.so/swirldslabs/UnevenStake-FCM-Restart-Stake-2-5k-10m-1fb96707b5ab46689ba16917f89d43f0
UnevenStake, FCM-SBReconnect-Stake-2.5k-8m, platform, https://www.notion.so/swirldslabs/UnevenStake-FCM-SBReconnect-Stake-2-5k-8m-a5e7d67e5289445c8e65b07982eaef8d
UnevenStake, NFT-Restart-Stake-2.5k-10m, platform, https://www.notion.so/swirldslabs/UnevenStake-NFT-Restart-Stake-2-5k-10m-72097243873c47378721ffbebe7eca6b

Update, Crypto-Update-AbortAftFreeze-1.5k-25m, services, https://www.notion.so/swirldslabs/Update-Crypto-Update-AbortAftFreeze-1-5k-25m-8a3e7d0427254652a079235d8dd7ba65
Update, Crypto-Update-AbortAftPrepare-1.5k-25m, services, https://www.notion.so/swirldslabs/Update-Crypto-Update-AbortAftPrepare-1-5k-25m-a0e6c06c3df241ab9244b8df2b9738f2
Update, Crypto-Update-AbortAftUpdateSetting-1.5k-25m, services, https://www.notion.so/swirldslabs/Update-Crypto-Update-AbortAftUpdateSetting-1-5k-25m-33f1be21244c429e927bb55a4365f3c5
Update, Crypto-Update-AbortAftUpdateSetting-UpdateJar-1.5k-25m, services, https://www.notion.so/swirldslabs/Update-Crypto-Update-AbortAftUpdateSetting-UpdateJar-1-5k-25m-73a97222a6824137a7307e53000544f9
Update, Crypto-Update-AbortPreUpdateSetting-1.5k-25m, services, https://www.notion.so/swirldslabs/Update-Crypto-Update-AbortPreUpdateSetting-1-5k-25m-4906b56a43944a6a97f9ddaa3e484229
Update, Crypto-Update-Jar-1.5k-25m, services, https://www.notion.so/swirldslabs/Update-Crypto-Update-Jar-1-5k-25m-ee2ddf542fb24851971e62acb1164b70
Update, Crypto-Update-Setting-1.5k-15m, services, https://www.notion.so/swirldslabs/Update-Crypto-Update-Setting-1-5k-15m-d44658a933f8415091a19dc8c55b2963
Update, Crypto-Update-Setting-Config-1.5k-25m, services, https://www.notion.so/swirldslabs/Update-Crypto-Update-Setting-Config-1-5k-25m-77b7240c0a5b42649c756263a6989e7a

UpdateDisPreUpdate, Crypto-Update-ND-DisPreUpdate-RecAftFreeze-1.5k-25m, services, https://www.notion.so/swirldslabs/UpdateDisPreUpdate-Crypto-Update-ND-DisPreUpdate-RecAftFreeze-1-5k-25m-99bc0168a89c4f83b18d646f9924a8a5
UpdateDisPreUpdate, Crypto-Update-ND-DisPreUpdate-RecAftPrepare-1.5k-15m, services, https://www.notion.so/swirldslabs/UpdateDisPreUpdate-Crypto-Update-ND-DisPreUpdate-RecAftPrepare-1-5k-15m-7201223e51954f449a3798243aeb5ddc
UpdateDisPreUpdate, Crypto-Update-ND-DisPreUpdate-RecAftUpdate-1.5k-25m, services, https://www.notion.so/swirldslabs/UpdateDisPreUpdate-Crypto-Update-ND-DisPreUpdate-RecAftUpdate-1-5k-25m-faa532aca01e4ab1bccb5871c41fcbb9
UpdateDisPreUpdate, Crypto-Update-ND-DisPreUpdate-RecDuringUpgrade-1.5k-25m, services, https://www.notion.so/swirldslabs/UpdateDisPreUpdate-Crypto-Update-ND-DisPreUpdate-RecDuringUpgrade-1-5k-25m-21e91ef678664618928c6236fbee7f14

UpdateReconnect, Crypto-Update-ND-DisAftPrepare-RecAftFreeze-1.5k-25m, services, https://www.notion.so/swirldslabs/UpdateReconnect-Crypto-Update-ND-DisAftPrepare-RecAftFreeze-1-5k-25m-c2ecfa522b274ca3bdec9e1e1e680b72
UpdateReconnect, Crypto-Update-ND-DisAftPrepare-RecAftUpgrade-1.5k-25m, services, https://www.notion.so/swirldslabs/UpdateReconnect-Crypto-Update-ND-DisAftPrepare-RecAftUpgrade-1-5k-25m-33b2cffe88a04f0c8b4c38f9ec06c4a9
UpdateReconnect, Crypto-Update-ND-DisAftPrepare-RecPreFreeze-1.5k-25m, services, https://www.notion.so/swirldslabs/UpdateReconnect-Crypto-Update-ND-DisAftPrepare-RecPreFreeze-1-5k-25m-e97e409dd3c040bca2db3ae71704166b
UpdateReconnect, Crypto-Update-ND-DisAftUpdate-RecAftFreeze-1.5k-25m, services, https://www.notion.so/swirldslabs/UpdateReconnect-Crypto-Update-ND-DisAftUpdate-RecAftFreeze-1-5k-25m-a7985050826e47aa87de6e909d4a1322
UpdateReconnect, Crypto-Update-ND-DisAftUpdate-RecAftPrepare-1.5k-25m, services, https://www.notion.so/swirldslabs/UpdateReconnect-Crypto-Update-ND-DisAftUpdate-RecAftPrepare-1-5k-25m-46ba71dd721d44149c6860c437407e34
UpdateReconnect, Crypto-Update-ND-DisAftUpdate-RecAftUpgrade-1.5k-25m, services, https://www.notion.so/swirldslabs/UpdateReconnect-Crypto-Update-ND-DisAftUpdate-RecAftUpgrade-1-5k-25m-e6989c56a256499c90a424f4e8b6027d
UpdateReconnect, Crypto-Update-ND-DisAftUpdate-RecPrePrepare-1.5k-25m, services, https://www.notion.so/swirldslabs/UpdateReconnect-Crypto-Update-ND-DisAftUpdate-RecPrePrepare-1-5k-25m-7fa788e285d1435dba4abe43749c36e7
UpdateReconnect, Crypto-Update-ND-DisDuringUpdate-RecAftPrepare-1.5k-25m, services, https://www.notion.so/swirldslabs/UpdateReconnect-Crypto-Update-ND-DisDuringUpdate-RecAftPrepare-1-5k-25m-96ee8ee0384a4ee68945396e971cd108
UpdateReconnect, Crypto-Update-NI-DisDuringUpdate-RecAftPrepare-1.5k-25m, services, https://www.notion.so/swirldslabs/UpdateReconnect-Crypto-Update-NI-DisDuringUpdate-RecAftPrepare-1-5k-25m-8dbb32187a914b20975b5248cd4ade00

UpdateReconnectAbort, Crypto-Update-ND-DisAftPrepare-RecAftAbort-1.5k-25m, services, https://www.notion.so/swirldslabs/UpdateReconnectAbort-Crypto-Update-ND-DisAftPrepare-RecAftAbort-1-5k-25m-17b6587c593548debb20be0568accc34
UpdateReconnectAbort, Crypto-Update-ND-DisAftPrepare-RecPreAbort-1.5k-25m, services, https://www.notion.so/swirldslabs/UpdateReconnectAbort-Crypto-Update-ND-DisAftPrepare-RecPreAbort-1-5k-25m-a814f261bc2340168f43201711860c2a
UpdateReconnectAbort, Crypto-Update-ND-DisAftPrepare-RecPreFreezeAbort-1.5k-25m, services, https://www.notion.so/swirldslabs/UpdateReconnectAbort-Crypto-Update-ND-DisAftPrepare-RecPreFreezeAbort-1-5k-25m-e4f6c8621a63426ab2949a2e023cbc3c
UpdateReconnectAbort, Crypto-Update-ND-DisAftUpdate-RecAftFreezeAbort-1.5k-25m, services, https://www.notion.so/swirldslabs/UpdateReconnectAbort-Crypto-Update-ND-DisAftUpdate-RecAftFreezeAbort-1-5k-25m-caaaea3bad3842a0afc1cfb216f16366
UpdateReconnectAbort, Crypto-Update-ND-DisAftUpdate-RecAftFreezePreAbort-1.5k-25m, services, https://www.notion.so/swirldslabs/UpdateReconnectAbort-Crypto-Update-ND-DisAftUpdate-RecAftFreezePreAbort-1-5k-25m-16493c6e9560455d936d09a85d88492c
UpdateReconnectAbort, Crypto-Update-ND-DisAftUpdate-RecAftPrepareAbort-1.5k-25m, services, https://www.notion.so/swirldslabs/UpdateReconnectAbort-Crypto-Update-ND-DisAftUpdate-RecAftPrepareAbort-1-5k-25m-c0cc2d2b3cf247f6a9e47e9d3ec3c34c
UpdateReconnectAbort, Crypto-Update-ND-DisAftUpdate-RecAftPreparePreAbort-1.5k-25m, services, https://www.notion.so/swirldslabs/UpdateReconnectAbort-Crypto-Update-ND-DisAftUpdate-RecAftPreparePreAbort-1-5k-25m-7797554cde3a4fd49728f28cea93936c
UpdateReconnectAbort, Crypto-Update-ND-DisAftUpdate-RecPreFreezeAbort-1.5k-25m, services, https://www.notion.so/swirldslabs/UpdateReconnectAbort-Crypto-Update-ND-DisAftUpdate-RecPreFreezeAbort-1-5k-25m-564455aba78744d2aae77d0c0eae5dbd

UpdateReconnectAbortDisPreUpdate, Crypto-Update-ND-DisPreUpdate-RecAftFreezeAbort-1.5k-35m, services, https://www.notion.so/swirldslabs/UpdateReconnectAbortDisPreUpdate-Crypto-Update-ND-DisPreUpdate-RecAftFreezeAbort-1-5k-35m-4a2a83ae34d2438c9ed901763afb914f
UpdateReconnectAbortDisPreUpdate, Crypto-Update-ND-DisPreUpdate-RecAftFreezePreAbort-1.5k-35m, services, https://www.notion.so/swirldslabs/UpdateReconnectAbortDisPreUpdate-Crypto-Update-ND-DisPreUpdate-RecAftFreezePreAbort-1-5k-35m-b32aa23ec64544c280d1a6116788b0e2
UpdateReconnectAbortDisPreUpdate, Crypto-Update-ND-DisPreUpdate-RecAftPrepareAbort-1.5k-35m, services, https://www.notion.so/swirldslabs/UpdateReconnectAbortDisPreUpdate-Crypto-Update-ND-DisPreUpdate-RecAftPrepareAbort-1-5k-35m-bc79f902b0cc495eb8b5d24e390b6a6c
UpdateReconnectAbortDisPreUpdate, Crypto-Update-ND-DisPreUpdate-RecAftPreparePreAbort-1.5k-35m, services, https://www.notion.so/swirldslabs/UpdateReconnectAbortDisPreUpdate-Crypto-Update-ND-DisPreUpdate-RecAftPreparePreAbort-1-5k-35m-d79485c59292418a949056de17fdc35b
UpdateReconnectAbortDisPreUpdate, Crypto-Update-ND-DisPreUpdate-RecPreFreezeAbort-1.5k-35m, services, https://www.notion.so/swirldslabs/UpdateReconnectAbortDisPreUpdate-Crypto-Update-ND-DisPreUpdate-RecPreFreezeAbort-1-5k-35m-5abe549763584de79baf03a437dcb87c
UpdateReconnectAbortDisPreUpdate, Crypto-Update-ND-DisPreUpdate-RecPrePrepareAbort-1.5k-35m, services, https://www.notion.so/swirldslabs/UpdateReconnectAbortDisPreUpdate-Crypto-Update-ND-DisPreUpdate-RecPrePrepareAbort-1-5k-35m-7f0220744b5249f89a7b730f63fbab33?pvs=9

VMerkle, VMerkle-Assorted-1k-6m, platform, https://www.notion.so/swirldslabs/VMerkle-VMerkle-Assorted-1k-6m-5025e8172b7341b0a6fb326bd79b7a3b
VMerkle, VMerkle-Hotspot-1k-15m, platform, https://www.notion.so/swirldslabs/VMerkle-VMerkle-Hotspot-1k-15m-3194a6171aaa49d8a14ee512a6f2bc1a
VMerkle, VMerkle-Basic-SingleNode-2.5k-3m.json, platform, https://www.notion.so/swirldslabs/VMerkle-VMerkle-Basic-SingleNode-2-5k-3m-c6eb1b436b114278af40a45243baf108

VMerkleLong, VMerkle-Basic-2.5k-110m, platform, https://www.notion.so/swirldslabs/VMerkleLong-VMerkle-Basic-2-5k-110m-338c8000375342b988ff475bffa152a0

ZeroStake, Crypto-NIReconnect-Stake-1k-10m, services, https://www.notion.so/swirldslabs/ZeroStake-Crypto-NIReconnect-Stake-1k-10m-46df7a5ccf544f38b415ab4c44b263a6
ZeroStake, Crypto-Restart-Stake-1k-10m, services, https://www.notion.so/swirldslabs/ZeroStake-Crypto-Restart-Stake-1k-10m-2c90faab716547a3aa425bbf6cdff856
ZeroStake, Crypto-Restart-Stake-2.5k-10m, services, https://www.notion.so/swirldslabs/ZeroStake-Crypto-Restart-Stake-2-5k-10m-7b3f32b22e9547ab8528e5fb5d57a075
ZeroStake, FCM-NIReconnect-Stake-125-10m, platform, https://www.notion.so/swirldslabs/ZeroStake-FCM-NIReconnect-Stake-125-10m-36e708b36be8430bbdb4e9b104a70fbb?pvs=9
ZeroStake, FCM-Restart-Stake-2.5k-10m, platform, https://www.notion.so/swirldslabs/ZeroStake-FCM-Restart-Stake-2-5k-10m-0246d2dbaf6344c897aa8fa237f77910
ZeroStake, FCM-SBReconnect-Stake-2.5k-8m, platform, https://www.notion.so/swirldslabs/ZeroStake-FCM-SBReconnect-Stake-2-5k-8m-ff722ff935f54b749a5981793fbdb2a4
ZeroStake, NFT-Restart-Stake-2.5k-10m, platform, https://www.notion.so/swirldslabs/ZeroStake-NFT-Restart-Stake-2-5k-10m-d976772b7f2d47d08a8f6fb86deea3de